team,ol,rb,wr,qb,te
crd,6.8,6.8,8.330000000000002,19.0,4.800000000000001
